Handle,Title,Body (HTML),Vendor,Type,Tags,Published,Option1 Name,Option1 Value,Variant SKU,Variant Grams,Variant Inventory Tracker,Variant Inventory Qty,Variant Inventory Policy,Variant Fulfillment Service,Variant Price,Variant Compare At Price,Variant Requires Shipping,Variant Taxable,Image Src,Image Alt Text,Status
"somnara-dusk-twin-hybrid-mattress-1","Somnara Dusk Twin Hybrid Mattress","<p>The Dusk hybrid mattress is built for plush support in Twin. Pocketed coils with a memory-foam comfort stack, finished in oat linen.</p><ul><li>Material: Hybrid</li><li>Size: Twin</li><li>Plush · 13"" profile</li><li>Finish: Oat Linen</li></ul>","Somnara","Mattresses","mattresses, hybrid, twin, plush","TRUE","Size","Twin","SN-0001","20430","shopify","25","deny","manual","690.00","773.00","TRUE","TRUE","https://raw.githubusercontent.com/arcmonay/somnara/main/public/products/somnara-dusk-twin-hybrid-mattress-1.webp","Somnara Dusk Twin Hybrid Mattress","active"
"somnara-harbor-twin-xl-memory-foam-mattress-2","Somnara Harbor Twin XL Memory Foam Mattress","<p>The Harbor memory foam mattress is built for medium-plush support in Twin XL. High-density foam with a cooling quilt, finished in cloud percale.</p><ul><li>Material: Memory Foam</li><li>Size: Twin XL</li><li>Medium-plush · 13"" profile</li><li>Finish: Cloud Percale</li></ul>","Somnara","Mattresses","mattresses, memory-foam, twin-xl, medium-plush","TRUE","Size","Twin XL","SN-0002","20884","shopify","25","deny","manual","750.00","840.00","TRUE","TRUE","https://raw.githubusercontent.com/arcmonay/somnara/main/public/products/somnara-harbor-twin-xl-memory-foam-mattress-2.webp","Somnara Harbor Twin XL Memory Foam Mattress","active"
"somnara-loom-full-natural-latex-mattress-3","Somnara Loom Full Natural Latex Mattress","<p>The Loom natural latex mattress is built for medium support in Full. Talalay latex over a zoned support core, finished in graphite knit.</p><ul><li>Material: Natural Latex</li><li>Size: Full</li><li>Medium · 13"" profile</li><li>Finish: Graphite Knit</li></ul>","Somnara","Mattresses","mattresses, natural-latex, full, medium","TRUE","Size","Full","SN-0003","21338","shopify","25","deny","manual","800.00","896.00","TRUE","TRUE","https://raw.githubusercontent.com/arcmonay/somnara/main/public/products/somnara-loom-full-natural-latex-mattress-3.webp","Somnara Loom Full Natural Latex Mattress","active"
"somnara-vale-queen-innerspring-mattress-4","Somnara Vale Queen Innerspring Mattress","<p>The Vale innerspring mattress is built for medium-firm support in Queen. Offset coils with a cotton-wool pillow top, finished in ivory sateen.</p><ul><li>Material: Innerspring</li><li>Size: Queen</li><li>Medium-firm · 13"" profile</li><li>Finish: Ivory Sateen</li></ul>","Somnara","Mattresses","mattresses, innerspring, queen, medium-firm","TRUE","Size","Queen","SN-0004","21792","shopify","25","deny","manual","1230.00","1378.00","TRUE","TRUE","https://raw.githubusercontent.com/arcmonay/somnara/main/public/products/somnara-vale-queen-innerspring-mattress-4.webp","Somnara Vale Queen Innerspring Mattress","active"
"somnara-nest-king-euro-top-hybrid-mattress-5","Somnara Nest King Euro-Top Hybrid Mattress","<p>The Nest euro-top hybrid mattress is built for firm support in King. Euro-top hybrid with edge-to-edge coils, finished in moss tencel.</p><ul><li>Material: Euro-Top Hybrid</li><li>Size: King</li><li>Firm · 13"" profile</li><li>Finish: Moss Tencel</li></ul>","Somnara","Mattresses","mattresses, euro-top-hybrid, king, firm","TRUE","Size","King","SN-0005","22246","shopify","25","deny","manual","1700.00","1904.00","TRUE","TRUE","https://raw.githubusercontent.com/arcmonay/somnara/main/public/products/somnara-nest-king-euro-top-hybrid-mattress-5.webp","Somnara Nest King Euro-Top Hybrid Mattress","active"
"somnara-hollow-cal-king-hybrid-mattress-6","Somnara Hollow Cal King Hybrid Mattress","<p>The Hollow hybrid mattress is built for plush support in Cal King. Pocketed coils with a memory-foam comfort stack, finished in sand organic cotton.</p><ul><li>Material: Hybrid</li><li>Size: Cal King</li><li>Plush · 13"" profile</li><li>Finish: Sand Organic Cotton</li></ul>","Somnara","Mattresses","mattresses, hybrid, cal-king, plush","TRUE","Size","Cal King","SN-0006","22700","shopify","25","deny","manual","1810.00","2027.00","TRUE","TRUE","https://raw.githubusercontent.com/arcmonay/somnara/main/public/products/somnara-hollow-cal-king-hybrid-mattress-6.webp","Somnara Hollow Cal King Hybrid Mattress","active"
"somnara-sable-twin-memory-foam-mattress-7","Somnara Sable Twin Memory Foam Mattress","<p>The Sable memory foam mattress is built for medium-plush support in Twin. High-density foam with a cooling quilt, finished in oat linen.</p><ul><li>Material: Memory Foam</li><li>Size: Twin</li><li>Medium-plush · 13"" profile</li><li>Finish: Oat Linen</li></ul>","Somnara","Mattresses","mattresses, memory-foam, twin, medium-plush","TRUE","Size","Twin","SN-0007","23154","shopify","25","deny","manual","1020.00","1142.00","TRUE","TRUE","https://raw.githubusercontent.com/arcmonay/somnara/main/public/products/somnara-sable-twin-memory-foam-mattress-7.webp","Somnara Sable Twin Memory Foam Mattress","active"
"somnara-drift-twin-xl-natural-latex-mattress-8","Somnara Drift Twin XL Natural Latex Mattress","<p>The Drift natural latex mattress is built for medium support in Twin XL. Talalay latex over a zoned support core, finished in cloud percale.</p><ul><li>Material: Natural Latex</li><li>Size: Twin XL</li><li>Medium · 13"" profile</li><li>Finish: Cloud Percale</li></ul>","Somnara","Mattresses","mattresses, natural-latex, twin-xl, medium","TRUE","Size","Twin XL","SN-0008","23608","shopify","25","deny","manual","690.00","773.00","TRUE","TRUE","https://raw.githubusercontent.com/arcmonay/somnara/main/public/products/somnara-drift-twin-xl-natural-latex-mattress-8.webp","Somnara Drift Twin XL Natural Latex Mattress","active"
"somnara-quill-full-innerspring-mattress-9","Somnara Quill Full Innerspring Mattress","<p>The Quill innerspring mattress is built for medium-firm support in Full. Offset coils with a cotton-wool pillow top, finished in graphite knit.</p><ul><li>Material: Innerspring</li><li>Size: Full</li><li>Medium-firm · 13"" profile</li><li>Finish: Graphite Knit</li></ul>","Somnara","Mattresses","mattresses, innerspring, full, medium-firm","TRUE","Size","Full","SN-0009","24062","shopify","25","deny","manual","750.00","840.00","TRUE","TRUE","https://raw.githubusercontent.com/arcmonay/somnara/main/public/products/somnara-quill-full-innerspring-mattress-9.webp","Somnara Quill Full Innerspring Mattress","active"
"somnara-marrow-queen-euro-top-hybrid-mattress-10","Somnara Marrow Queen Euro-Top Hybrid Mattress","<p>The Marrow euro-top hybrid mattress is built for firm support in Queen. Euro-top hybrid with edge-to-edge coils, finished in ivory sateen.</p><ul><li>Material: Euro-Top Hybrid</li><li>Size: Queen</li><li>Firm · 13"" profile</li><li>Finish: Ivory Sateen</li></ul>","Somnara","Mattresses","mattresses, euro-top-hybrid, queen, firm","TRUE","Size","Queen","SN-0010","24516","shopify","25","deny","manual","1150.00","1288.00","TRUE","TRUE","https://raw.githubusercontent.com/arcmonay/somnara/main/public/products/somnara-marrow-queen-euro-top-hybrid-mattress-10.webp","Somnara Marrow Queen Euro-Top Hybrid Mattress","active"
"somnara-still-king-hybrid-mattress-11","Somnara Still King Hybrid Mattress","<p>The Still hybrid mattress is built for plush support in King. Pocketed coils with a memory-foam comfort stack, finished in moss tencel.</p><ul><li>Material: Hybrid</li><li>Size: King</li><li>Plush · 13"" profile</li><li>Finish: Moss Tencel</li></ul>","Somnara","Mattresses","mattresses, hybrid, king, plush","TRUE","Size","King","SN-0011","24970","shopify","25","deny","manual","1600.00","1792.00","TRUE","TRUE","https://raw.githubusercontent.com/arcmonay/somnara/main/public/products/somnara-still-king-hybrid-mattress-11.webp","Somnara Still King Hybrid Mattress","active"
"somnara-ivory-cal-king-memory-foam-mattress-12","Somnara Ivory Cal King Memory Foam Mattress","<p>The Ivory memory foam mattress is built for medium-plush support in Cal King. High-density foam with a cooling quilt, finished in sand organic cotton.</p><ul><li>Material: Memory Foam</li><li>Size: Cal King</li><li>Medium-plush · 13"" profile</li><li>Finish: Sand Organic Cotton</li></ul>","Somnara","Mattresses","mattresses, memory-foam, cal-king, medium-plush","TRUE","Size","Cal King","SN-0012","25424","shopify","25","deny","manual","1700.00","1904.00","TRUE","TRUE","https://raw.githubusercontent.com/arcmonay/somnara/main/public/products/somnara-ivory-cal-king-memory-foam-mattress-12.webp","Somnara Ivory Cal King Memory Foam Mattress","active"
"somnara-noll-twin-natural-latex-mattress-13","Somnara Noll Twin Natural Latex Mattress","<p>The Noll natural latex mattress is built for medium support in Twin. Talalay latex over a zoned support core, finished in oat linen.</p><ul><li>Material: Natural Latex</li><li>Size: Twin</li><li>Medium · 13"" profile</li><li>Finish: Oat Linen</li></ul>","Somnara","Mattresses","mattresses, natural-latex, twin, medium","TRUE","Size","Twin","SN-0013","25878","shopify","25","deny","manual","970.00","1086.00","TRUE","TRUE","https://raw.githubusercontent.com/arcmonay/somnara/main/public/products/somnara-noll-twin-natural-latex-mattress-13.webp","Somnara Noll Twin Natural Latex Mattress","active"
"somnara-pall-twin-xl-innerspring-mattress-14","Somnara Pall Twin XL Innerspring Mattress","<p>The Pall innerspring mattress is built for medium-firm support in Twin XL. Offset coils with a cotton-wool pillow top, finished in cloud percale.</p><ul><li>Material: Innerspring</li><li>Size: Twin XL</li><li>Medium-firm · 13"" profile</li><li>Finish: Cloud Percale</li></ul>","Somnara","Mattresses","mattresses, innerspring, twin-xl, medium-firm","TRUE","Size","Twin XL","SN-0014","26332","shopify","25","deny","manual","1020.00","1142.00","TRUE","TRUE","https://raw.githubusercontent.com/arcmonay/somnara/main/public/products/somnara-pall-twin-xl-innerspring-mattress-14.webp","Somnara Pall Twin XL Innerspring Mattress","active"
"somnara-hearth-full-euro-top-hybrid-mattress-15","Somnara Hearth Full Euro-Top Hybrid Mattress","<p>The Hearth euro-top hybrid mattress is built for firm support in Full. Euro-top hybrid with edge-to-edge coils, finished in graphite knit.</p><ul><li>Material: Euro-Top Hybrid</li><li>Size: Full</li><li>Firm · 13"" profile</li><li>Finish: Graphite Knit</li></ul>","Somnara","Mattresses","mattresses, euro-top-hybrid, full, firm","TRUE","Size","Full","SN-0015","26786","shopify","25","deny","manual","690.00","773.00","TRUE","TRUE","https://raw.githubusercontent.com/arcmonay/somnara/main/public/products/somnara-hearth-full-euro-top-hybrid-mattress-15.webp","Somnara Hearth Full Euro-Top Hybrid Mattress","active"
"somnara-cloud-queen-hybrid-mattress-16","Somnara Cloud Queen Hybrid Mattress","<p>The Cloud hybrid mattress is built for plush support in Queen. Pocketed coils with a memory-foam comfort stack, finished in ivory sateen.</p><ul><li>Material: Hybrid</li><li>Size: Queen</li><li>Plush · 13"" profile</li><li>Finish: Ivory Sateen</li></ul>","Somnara","Mattresses","mattresses, hybrid, queen, plush","TRUE","Size","Queen","SN-0016","27240","shopify","25","deny","manual","1070.00","1198.00","TRUE","TRUE","https://raw.githubusercontent.com/arcmonay/somnara/main/public/products/somnara-cloud-queen-hybrid-mattress-16.webp","Somnara Cloud Queen Hybrid Mattress","active"
"somnara-dusk-king-memory-foam-mattress-17","Somnara Dusk King Memory Foam Mattress","<p>The Dusk memory foam mattress is built for medium-plush support in King. High-density foam with a cooling quilt, finished in moss tencel.</p><ul><li>Material: Memory Foam</li><li>Size: King</li><li>Medium-plush · 13"" profile</li><li>Finish: Moss Tencel</li></ul>","Somnara","Mattresses","mattresses, memory-foam, king, medium-plush","TRUE","Size","King","SN-0017","27694","shopify","0","deny","manual","1500.00","1680.00","TRUE","TRUE","https://raw.githubusercontent.com/arcmonay/somnara/main/public/products/somnara-dusk-king-memory-foam-mattress-17.webp","Somnara Dusk King Memory Foam Mattress","active"
"somnara-harbor-cal-king-natural-latex-mattress-18","Somnara Harbor Cal King Natural Latex Mattress","<p>The Harbor natural latex mattress is built for medium support in Cal King. Talalay latex over a zoned support core, finished in sand organic cotton.</p><ul><li>Material: Natural Latex</li><li>Size: Cal King</li><li>Medium · 13"" profile</li><li>Finish: Sand Organic Cotton</li></ul>","Somnara","Mattresses","mattresses, natural-latex, cal-king, medium","TRUE","Size","Cal King","SN-0018","28148","shopify","25","deny","manual","1600.00","1792.00","TRUE","TRUE","https://raw.githubusercontent.com/arcmonay/somnara/main/public/products/somnara-harbor-cal-king-natural-latex-mattress-18.webp","Somnara Harbor Cal King Natural Latex Mattress","active"
"somnara-loom-twin-innerspring-mattress-19","Somnara Loom Twin Innerspring Mattress","<p>The Loom innerspring mattress is built for medium-firm support in Twin. Offset coils with a cotton-wool pillow top, finished in oat linen.</p><ul><li>Material: Innerspring</li><li>Size: Twin</li><li>Medium-firm · 13"" profile</li><li>Finish: Oat Linen</li></ul>","Somnara","Mattresses","mattresses, innerspring, twin, medium-firm","TRUE","Size","Twin","SN-0019","28602","shopify","25","deny","manual","910.00","1019.00","TRUE","TRUE","https://raw.githubusercontent.com/arcmonay/somnara/main/public/products/somnara-loom-twin-innerspring-mattress-19.webp","Somnara Loom Twin Innerspring Mattress","active"
"somnara-vale-twin-xl-euro-top-hybrid-mattress-20","Somnara Vale Twin XL Euro-Top Hybrid Mattress","<p>The Vale euro-top hybrid mattress is built for firm support in Twin XL. Euro-top hybrid with edge-to-edge coils, finished in cloud percale.</p><ul><li>Material: Euro-Top Hybrid</li><li>Size: Twin XL</li><li>Firm · 13"" profile</li><li>Finish: Cloud Percale</li></ul>","Somnara","Mattresses","mattresses, euro-top-hybrid, twin-xl, firm","TRUE","Size","Twin XL","SN-0020","29056","shopify","25","deny","manual","970.00","1086.00","TRUE","TRUE","https://raw.githubusercontent.com/arcmonay/somnara/main/public/products/somnara-vale-twin-xl-euro-top-hybrid-mattress-20.webp","Somnara Vale Twin XL Euro-Top Hybrid Mattress","active"
"somnara-nest-full-hybrid-mattress-21","Somnara Nest Full Hybrid Mattress","<p>The Nest hybrid mattress is built for plush support in Full. Pocketed coils with a memory-foam comfort stack, finished in graphite knit.</p><ul><li>Material: Hybrid</li><li>Size: Full</li><li>Plush · 13"" profile</li><li>Finish: Graphite Knit</li></ul>","Somnara","Mattresses","mattresses, hybrid, full, plush","TRUE","Size","Full","SN-0021","29510","shopify","25","deny","manual","1020.00","1142.00","TRUE","TRUE","https://raw.githubusercontent.com/arcmonay/somnara/main/public/products/somnara-nest-full-hybrid-mattress-21.webp","Somnara Nest Full Hybrid Mattress","active"
"somnara-hollow-queen-memory-foam-mattress-22","Somnara Hollow Queen Memory Foam Mattress","<p>The Hollow memory foam mattress is built for medium-plush support in Queen. High-density foam with a cooling quilt, finished in ivory sateen.</p><ul><li>Material: Memory Foam</li><li>Size: Queen</li><li>Medium-plush · 13"" profile</li><li>Finish: Ivory Sateen</li></ul>","Somnara","Mattresses","mattresses, memory-foam, queen, medium-plush","TRUE","Size","Queen","SN-0022","29964","shopify","25","deny","manual","990.00","1109.00","TRUE","TRUE","https://raw.githubusercontent.com/arcmonay/somnara/main/public/products/somnara-hollow-queen-memory-foam-mattress-22.webp","Somnara Hollow Queen Memory Foam Mattress","active"
"somnara-sable-king-natural-latex-mattress-23","Somnara Sable King Natural Latex Mattress","<p>The Sable natural latex mattress is built for medium support in King. Talalay latex over a zoned support core, finished in moss tencel.</p><ul><li>Material: Natural Latex</li><li>Size: King</li><li>Medium · 13"" profile</li><li>Finish: Moss Tencel</li></ul>","Somnara","Mattresses","mattresses, natural-latex, king, medium","TRUE","Size","King","SN-0023","30418","shopify","25","deny","manual","1390.00","1557.00","TRUE","TRUE","https://raw.githubusercontent.com/arcmonay/somnara/main/public/products/somnara-sable-king-natural-latex-mattress-23.webp","Somnara Sable King Natural Latex Mattress","active"
"somnara-drift-cal-king-innerspring-mattress-24","Somnara Drift Cal King Innerspring Mattress","<p>The Drift innerspring mattress is built for medium-firm support in Cal King. Offset coils with a cotton-wool pillow top, finished in sand organic cotton.</p><ul><li>Material: Innerspring</li><li>Size: Cal King</li><li>Medium-firm · 13"" profile</li><li>Finish: Sand Organic Cotton</li></ul>","Somnara","Mattresses","mattresses, innerspring, cal-king, medium-firm","TRUE","Size","Cal King","SN-0024","30872","shopify","25","deny","manual","1500.00","1680.00","TRUE","TRUE","https://raw.githubusercontent.com/arcmonay/somnara/main/public/products/somnara-drift-cal-king-innerspring-mattress-24.webp","Somnara Drift Cal King Innerspring Mattress","active"
"somnara-vale-standard-down-alternative-pillow-25","Somnara Vale Standard Down Alternative Pillow","<p>The Vale pillow uses hypoallergenic microfiber in a standard shell for side and back sleepers.</p><ul><li>Material: Down Alternative</li><li>Size: Standard</li><li>Side-sleeper loft</li><li>Finish: Graphite Knit</li></ul>","Somnara","Pillows","pillows, down-alternative, standard","TRUE","Size","Standard","SN-0025","908","shopify","25","deny","manual","50.00","56.00","TRUE","TRUE","https://raw.githubusercontent.com/arcmonay/somnara/main/public/products/somnara-vale-standard-down-alternative-pillow-25.webp","Somnara Vale Standard Down Alternative Pillow","active"
"somnara-nest-queen-hungarian-down-pillow-26","Somnara Nest Queen Hungarian Down Pillow","<p>The Nest pillow uses 600-fill white down in a queen shell for side and back sleepers.</p><ul><li>Material: Hungarian Down</li><li>Size: Queen</li><li>Back-sleeper loft</li><li>Finish: Ivory Sateen</li></ul>","Somnara","Pillows","pillows, hungarian-down, queen","TRUE","Size","Queen","SN-0026","1362","shopify","25","deny","manual","50.00","56.00","TRUE","TRUE","https://raw.githubusercontent.com/arcmonay/somnara/main/public/products/somnara-nest-queen-hungarian-down-pillow-26.webp","Somnara Nest Queen Hungarian Down Pillow","active"
"somnara-hollow-king-shredded-latex-pillow-27","Somnara Hollow King Shredded Latex Pillow","<p>The Hollow pillow uses adjustable latex fill in a king shell for side and back sleepers.</p><ul><li>Material: Shredded Latex</li><li>Size: King</li><li>Side-sleeper loft</li><li>Finish: Moss Tencel</li></ul>","Somnara","Pillows","pillows, shredded-latex, king","TRUE","Size","King","SN-0027","1816","shopify","25","deny","manual","60.00","67.00","TRUE","TRUE","https://raw.githubusercontent.com/arcmonay/somnara/main/public/products/somnara-hollow-king-shredded-latex-pillow-27.webp","Somnara Hollow King Shredded Latex Pillow","active"
"somnara-sable-euro-memory-foam-pillow-28","Somnara Sable Euro Memory Foam Pillow","<p>The Sable pillow uses contoured foam core in a euro shell for side and back sleepers.</p><ul><li>Material: Memory Foam</li><li>Size: Euro</li><li>Back-sleeper loft</li><li>Finish: Sand Organic Cotton</li></ul>","Somnara","Pillows","pillows, memory-foam, euro","TRUE","Size","Euro","SN-0028","908","shopify","25","deny","manual","60.00","67.00","TRUE","TRUE","https://raw.githubusercontent.com/arcmonay/somnara/main/public/products/somnara-sable-euro-memory-foam-pillow-28.webp","Somnara Sable Euro Memory Foam Pillow","active"
"somnara-drift-body-buckwheat-pillow-29","Somnara Drift Body Buckwheat Pillow","<p>The Drift pillow uses ventilated hull fill in a body shell for side and back sleepers.</p><ul><li>Material: Buckwheat</li><li>Size: Body</li><li>Side-sleeper loft</li><li>Finish: Oat Linen</li></ul>","Somnara","Pillows","pillows, buckwheat, body","TRUE","Size","Body","SN-0029","2724","shopify","25","deny","manual","120.00","134.00","TRUE","TRUE","https://raw.githubusercontent.com/arcmonay/somnara/main/public/products/somnara-drift-body-buckwheat-pillow-29.webp","Somnara Drift Body Buckwheat Pillow","active"
"somnara-quill-standard-cooling-gel-pillow-30","Somnara Quill Standard Cooling Gel Pillow","<p>The Quill pillow uses gel-infused foam in a standard shell for side and back sleepers.</p><ul><li>Material: Cooling Gel</li><li>Size: Standard</li><li>Back-sleeper loft</li><li>Finish: Cloud Percale</li></ul>","Somnara","Pillows","pillows, cooling-gel, standard","TRUE","Size","Standard","SN-0030","1816","shopify","25","deny","manual","70.00","78.00","TRUE","TRUE","https://raw.githubusercontent.com/arcmonay/somnara/main/public/products/somnara-quill-standard-cooling-gel-pillow-30.webp","Somnara Quill Standard Cooling Gel Pillow","active"
"somnara-marrow-queen-down-alternative-pillow-31","Somnara Marrow Queen Down Alternative Pillow","<p>The Marrow pillow uses hypoallergenic microfiber in a queen shell for side and back sleepers.</p><ul><li>Material: Down Alternative</li><li>Size: Queen</li><li>Side-sleeper loft</li><li>Finish: Graphite Knit</li></ul>","Somnara","Pillows","pillows, down-alternative, queen","TRUE","Size","Queen","SN-0031","908","shopify","25","deny","manual","70.00","78.00","TRUE","TRUE","https://raw.githubusercontent.com/arcmonay/somnara/main/public/products/somnara-marrow-queen-down-alternative-pillow-31.webp","Somnara Marrow Queen Down Alternative Pillow","active"
"somnara-still-king-hungarian-down-pillow-32","Somnara Still King Hungarian Down Pillow","<p>The Still pillow uses 600-fill white down in a king shell for side and back sleepers.</p><ul><li>Material: Hungarian Down</li><li>Size: King</li><li>Back-sleeper loft</li><li>Finish: Ivory Sateen</li></ul>","Somnara","Pillows","pillows, hungarian-down, king","TRUE","Size","King","SN-0032","1362","shopify","25","deny","manual","50.00","56.00","TRUE","TRUE","https://raw.githubusercontent.com/arcmonay/somnara/main/public/products/somnara-still-king-hungarian-down-pillow-32.webp","Somnara Still King Hungarian Down Pillow","active"
"somnara-ivory-euro-shredded-latex-pillow-33","Somnara Ivory Euro Shredded Latex Pillow","<p>The Ivory pillow uses adjustable latex fill in a euro shell for side and back sleepers.</p><ul><li>Material: Shredded Latex</li><li>Size: Euro</li><li>Side-sleeper loft</li><li>Finish: Moss Tencel</li></ul>","Somnara","Pillows","pillows, shredded-latex, euro","TRUE","Size","Euro","SN-0033","1816","shopify","25","deny","manual","50.00","56.00","TRUE","TRUE","https://raw.githubusercontent.com/arcmonay/somnara/main/public/products/somnara-ivory-euro-shredded-latex-pillow-33.webp","Somnara Ivory Euro Shredded Latex Pillow","active"
"somnara-noll-body-memory-foam-pillow-34","Somnara Noll Body Memory Foam Pillow","<p>The Noll pillow uses contoured foam core in a body shell for side and back sleepers.</p><ul><li>Material: Memory Foam</li><li>Size: Body</li><li>Back-sleeper loft</li><li>Finish: Sand Organic Cotton</li></ul>","Somnara","Pillows","pillows, memory-foam, body","TRUE","Size","Body","SN-0034","2724","shopify","0","deny","manual","100.00","112.00","TRUE","TRUE","https://raw.githubusercontent.com/arcmonay/somnara/main/public/products/somnara-noll-body-memory-foam-pillow-34.webp","Somnara Noll Body Memory Foam Pillow","active"
"somnara-pall-standard-buckwheat-pillow-35","Somnara Pall Standard Buckwheat Pillow","<p>The Pall pillow uses ventilated hull fill in a standard shell for side and back sleepers.</p><ul><li>Material: Buckwheat</li><li>Size: Standard</li><li>Side-sleeper loft</li><li>Finish: Oat Linen</li></ul>","Somnara","Pillows","pillows, buckwheat, standard","TRUE","Size","Standard","SN-0035","1362","shopify","25","deny","manual","60.00","67.00","TRUE","TRUE","https://raw.githubusercontent.com/arcmonay/somnara/main/public/products/somnara-pall-standard-buckwheat-pillow-35.webp","Somnara Pall Standard Buckwheat Pillow","active"
"somnara-hearth-queen-cooling-gel-pillow-36","Somnara Hearth Queen Cooling Gel Pillow","<p>The Hearth pillow uses gel-infused foam in a queen shell for side and back sleepers.</p><ul><li>Material: Cooling Gel</li><li>Size: Queen</li><li>Back-sleeper loft</li><li>Finish: Cloud Percale</li></ul>","Somnara","Pillows","pillows, cooling-gel, queen","TRUE","Size","Queen","SN-0036","1816","shopify","25","deny","manual","60.00","67.00","TRUE","TRUE","https://raw.githubusercontent.com/arcmonay/somnara/main/public/products/somnara-hearth-queen-cooling-gel-pillow-36.webp","Somnara Hearth Queen Cooling Gel Pillow","active"
"somnara-cloud-king-down-alternative-pillow-37","Somnara Cloud King Down Alternative Pillow","<p>The Cloud pillow uses hypoallergenic microfiber in a king shell for side and back sleepers.</p><ul><li>Material: Down Alternative</li><li>Size: King</li><li>Side-sleeper loft</li><li>Finish: Graphite Knit</li></ul>","Somnara","Pillows","pillows, down-alternative, king","TRUE","Size","King","SN-0037","908","shopify","25","deny","manual","70.00","78.00","TRUE","TRUE","https://raw.githubusercontent.com/arcmonay/somnara/main/public/products/somnara-cloud-king-down-alternative-pillow-37.webp","Somnara Cloud King Down Alternative Pillow","active"
"somnara-dusk-euro-hungarian-down-pillow-38","Somnara Dusk Euro Hungarian Down Pillow","<p>The Dusk pillow uses 600-fill white down in a euro shell for side and back sleepers.</p><ul><li>Material: Hungarian Down</li><li>Size: Euro</li><li>Back-sleeper loft</li><li>Finish: Ivory Sateen</li></ul>","Somnara","Pillows","pillows, hungarian-down, euro","TRUE","Size","Euro","SN-0038","1362","shopify","25","deny","manual","70.00","78.00","TRUE","TRUE","https://raw.githubusercontent.com/arcmonay/somnara/main/public/products/somnara-dusk-euro-hungarian-down-pillow-38.webp","Somnara Dusk Euro Hungarian Down Pillow","active"
"somnara-harbor-body-shredded-latex-pillow-39","Somnara Harbor Body Shredded Latex Pillow","<p>The Harbor pillow uses adjustable latex fill in a body shell for side and back sleepers.</p><ul><li>Material: Shredded Latex</li><li>Size: Body</li><li>Side-sleeper loft</li><li>Finish: Moss Tencel</li></ul>","Somnara","Pillows","pillows, shredded-latex, body","TRUE","Size","Body","SN-0039","2724","shopify","25","deny","manual","90.00","101.00","TRUE","TRUE","https://raw.githubusercontent.com/arcmonay/somnara/main/public/products/somnara-harbor-body-shredded-latex-pillow-39.webp","Somnara Harbor Body Shredded Latex Pillow","active"
"somnara-loom-standard-memory-foam-pillow-40","Somnara Loom Standard Memory Foam Pillow","<p>The Loom pillow uses contoured foam core in a standard shell for side and back sleepers.</p><ul><li>Material: Memory Foam</li><li>Size: Standard</li><li>Back-sleeper loft</li><li>Finish: Sand Organic Cotton</li></ul>","Somnara","Pillows","pillows, memory-foam, standard","TRUE","Size","Standard","SN-0040","908","shopify","25","deny","manual","50.00","56.00","TRUE","TRUE","https://raw.githubusercontent.com/arcmonay/somnara/main/public/products/somnara-loom-standard-memory-foam-pillow-40.webp","Somnara Loom Standard Memory Foam Pillow","active"
"somnara-hollow-twin-box-spring-41","Somnara Hollow Twin Box Spring","<p>A low-profile 5"" wood-and-steel foundation sized for Twin mattresses, with a fabric wrap that matches the Hollow collection.</p><ul><li>Material: Hardwood + steel</li><li>Size: Twin</li><li>Low-profile 5""</li><li>Finish: Oat Linen</li></ul>","Somnara","Box Springs & Foundations","foundations, box-spring, twin","TRUE","Size","Twin","SN-0041","17252","shopify","25","deny","manual","220.00","246.00","TRUE","TRUE","https://raw.githubusercontent.com/arcmonay/somnara/main/public/products/somnara-hollow-twin-box-spring-41.webp","Somnara Hollow Twin Box Spring","active"
"somnara-sable-twin-xl-box-spring-42","Somnara Sable Twin XL Box Spring","<p>A traditional 9"" wood-and-steel foundation sized for Twin XL mattresses, with a fabric wrap that matches the Sable collection.</p><ul><li>Material: Hardwood + steel</li><li>Size: Twin XL</li><li>Traditional 9""</li><li>Finish: Cloud Percale</li></ul>","Somnara","Box Springs & Foundations","foundations, box-spring, twin-xl","TRUE","Size","Twin XL","SN-0042","17706","shopify","25","deny","manual","240.00","269.00","TRUE","TRUE","https://raw.githubusercontent.com/arcmonay/somnara/main/public/products/somnara-sable-twin-xl-box-spring-42.webp","Somnara Sable Twin XL Box Spring","active"
"somnara-drift-full-box-spring-43","Somnara Drift Full Box Spring","<p>A low-profile 5"" wood-and-steel foundation sized for Full mattresses, with a fabric wrap that matches the Drift collection.</p><ul><li>Material: Hardwood + steel</li><li>Size: Full</li><li>Low-profile 5""</li><li>Finish: Graphite Knit</li></ul>","Somnara","Box Springs & Foundations","foundations, box-spring, full","TRUE","Size","Full","SN-0043","18160","shopify","25","deny","manual","260.00","291.00","TRUE","TRUE","https://raw.githubusercontent.com/arcmonay/somnara/main/public/products/somnara-drift-full-box-spring-43.webp","Somnara Drift Full Box Spring","active"
"somnara-quill-queen-box-spring-44","Somnara Quill Queen Box Spring","<p>A traditional 9"" wood-and-steel foundation sized for Queen mattresses, with a fabric wrap that matches the Quill collection.</p><ul><li>Material: Hardwood + steel</li><li>Size: Queen</li><li>Traditional 9""</li><li>Finish: Ivory Sateen</li></ul>","Somnara","Box Springs & Foundations","foundations, box-spring, queen","TRUE","Size","Queen","SN-0044","18614","shopify","25","deny","manual","270.00","302.00","TRUE","TRUE","https://raw.githubusercontent.com/arcmonay/somnara/main/public/products/somnara-quill-queen-box-spring-44.webp","Somnara Quill Queen Box Spring","active"
"somnara-marrow-king-box-spring-45","Somnara Marrow King Box Spring","<p>A low-profile 5"" wood-and-steel foundation sized for King mattresses, with a fabric wrap that matches the Marrow collection.</p><ul><li>Material: Hardwood + steel</li><li>Size: King</li><li>Low-profile 5""</li><li>Finish: Moss Tencel</li></ul>","Somnara","Box Springs & Foundations","foundations, box-spring, king","TRUE","Size","King","SN-0045","19068","shopify","25","deny","manual","420.00","470.00","TRUE","TRUE","https://raw.githubusercontent.com/arcmonay/somnara/main/public/products/somnara-marrow-king-box-spring-45.webp","Somnara Marrow King Box Spring","active"
"somnara-still-cal-king-box-spring-46","Somnara Still Cal King Box Spring","<p>A traditional 9"" wood-and-steel foundation sized for Cal King mattresses, with a fabric wrap that matches the Still collection.</p><ul><li>Material: Hardwood + steel</li><li>Size: Cal King</li><li>Traditional 9""</li><li>Finish: Sand Organic Cotton</li></ul>","Somnara","Box Springs & Foundations","foundations, box-spring, cal-king","TRUE","Size","Cal King","SN-0046","19522","shopify","25","deny","manual","450.00","504.00","TRUE","TRUE","https://raw.githubusercontent.com/arcmonay/somnara/main/public/products/somnara-still-cal-king-box-spring-46.webp","Somnara Still Cal King Box Spring","active"
"somnara-ivory-twin-box-spring-47","Somnara Ivory Twin Box Spring","<p>A low-profile 5"" wood-and-steel foundation sized for Twin mattresses, with a fabric wrap that matches the Ivory collection.</p><ul><li>Material: Hardwood + steel</li><li>Size: Twin</li><li>Low-profile 5""</li><li>Finish: Oat Linen</li></ul>","Somnara","Box Springs & Foundations","foundations, box-spring, twin","TRUE","Size","Twin","SN-0047","19976","shopify","25","deny","manual","330.00","370.00","TRUE","TRUE","https://raw.githubusercontent.com/arcmonay/somnara/main/public/products/somnara-ivory-twin-box-spring-47.webp","Somnara Ivory Twin Box Spring","active"
"somnara-noll-twin-xl-box-spring-48","Somnara Noll Twin XL Box Spring","<p>A traditional 9"" wood-and-steel foundation sized for Twin XL mattresses, with a fabric wrap that matches the Noll collection.</p><ul><li>Material: Hardwood + steel</li><li>Size: Twin XL</li><li>Traditional 9""</li><li>Finish: Cloud Percale</li></ul>","Somnara","Box Springs & Foundations","foundations, box-spring, twin-xl","TRUE","Size","Twin XL","SN-0048","20430","shopify","25","deny","manual","220.00","246.00","TRUE","TRUE","https://raw.githubusercontent.com/arcmonay/somnara/main/public/products/somnara-noll-twin-xl-box-spring-48.webp","Somnara Noll Twin XL Box Spring","active"
"somnara-pall-full-box-spring-49","Somnara Pall Full Box Spring","<p>A low-profile 5"" wood-and-steel foundation sized for Full mattresses, with a fabric wrap that matches the Pall collection.</p><ul><li>Material: Hardwood + steel</li><li>Size: Full</li><li>Low-profile 5""</li><li>Finish: Graphite Knit</li></ul>","Somnara","Box Springs & Foundations","foundations, box-spring, full","TRUE","Size","Full","SN-0049","20884","shopify","25","deny","manual","240.00","269.00","TRUE","TRUE","https://raw.githubusercontent.com/arcmonay/somnara/main/public/products/somnara-pall-full-box-spring-49.webp","Somnara Pall Full Box Spring","active"
"somnara-hearth-queen-box-spring-50","Somnara Hearth Queen Box Spring","<p>A traditional 9"" wood-and-steel foundation sized for Queen mattresses, with a fabric wrap that matches the Hearth collection.</p><ul><li>Material: Hardwood + steel</li><li>Size: Queen</li><li>Traditional 9""</li><li>Finish: Ivory Sateen</li></ul>","Somnara","Box Springs & Foundations","foundations, box-spring, queen","TRUE","Size","Queen","SN-0050","21338","shopify","25","deny","manual","260.00","291.00","TRUE","TRUE","https://raw.githubusercontent.com/arcmonay/somnara/main/public/products/somnara-hearth-queen-box-spring-50.webp","Somnara Hearth Queen Box Spring","active"
"somnara-cloud-king-box-spring-51","Somnara Cloud King Box Spring","<p>A low-profile 5"" wood-and-steel foundation sized for King mattresses, with a fabric wrap that matches the Cloud collection.</p><ul><li>Material: Hardwood + steel</li><li>Size: King</li><li>Low-profile 5""</li><li>Finish: Moss Tencel</li></ul>","Somnara","Box Springs & Foundations","foundations, box-spring, king","TRUE","Size","King","SN-0051","21792","shopify","0","deny","manual","400.00","448.00","TRUE","TRUE","https://raw.githubusercontent.com/arcmonay/somnara/main/public/products/somnara-cloud-king-box-spring-51.webp","Somnara Cloud King Box Spring","active"
"somnara-dusk-cal-king-box-spring-52","Somnara Dusk Cal King Box Spring","<p>A traditional 9"" wood-and-steel foundation sized for Cal King mattresses, with a fabric wrap that matches the Dusk collection.</p><ul><li>Material: Hardwood + steel</li><li>Size: Cal King</li><li>Traditional 9""</li><li>Finish: Sand Organic Cotton</li></ul>","Somnara","Box Springs & Foundations","foundations, box-spring, cal-king","TRUE","Size","Cal King","SN-0052","22246","shopify","25","deny","manual","420.00","470.00","TRUE","TRUE","https://raw.githubusercontent.com/arcmonay/somnara/main/public/products/somnara-dusk-cal-king-box-spring-52.webp","Somnara Dusk Cal King Box Spring","active"
"somnara-harbor-twin-talalay-latex-topper-53","Somnara Harbor Twin Talalay Latex Topper","<p>A 2–3"" talalay latex topper that retunes an existing Twin mattress without replacing the core.</p><ul><li>Material: Talalay Latex</li><li>Size: Twin</li><li>2"" comfort layer</li><li>Finish: Cloud Percale</li></ul>","Somnara","Mattress Toppers","toppers, talalay-latex, twin","TRUE","Size","Twin","SN-0053","5448","shopify","25","deny","manual","180.00","202.00","TRUE","TRUE","https://raw.githubusercontent.com/arcmonay/somnara/main/public/products/somnara-harbor-twin-talalay-latex-topper-53.webp","Somnara Harbor Twin Talalay Latex Topper","active"
"somnara-loom-twin-xl-memory-foam-topper-54","Somnara Loom Twin XL Memory Foam Topper","<p>A 2–3"" memory foam topper that retunes an existing Twin XL mattress without replacing the core.</p><ul><li>Material: Memory Foam</li><li>Size: Twin XL</li><li>3"" comfort layer</li><li>Finish: Graphite Knit</li></ul>","Somnara","Mattress Toppers","toppers, memory-foam, twin-xl","TRUE","Size","Twin XL","SN-0054","5902","shopify","25","deny","manual","190.00","213.00","TRUE","TRUE","https://raw.githubusercontent.com/arcmonay/somnara/main/public/products/somnara-loom-twin-xl-memory-foam-topper-54.webp","Somnara Loom Twin XL Memory Foam Topper","active"
"somnara-vale-full-down-blend-topper-55","Somnara Vale Full Down Blend Topper","<p>A 2–3"" down blend topper that retunes an existing Full mattress without replacing the core.</p><ul><li>Material: Down Blend</li><li>Size: Full</li><li>2"" comfort layer</li><li>Finish: Ivory Sateen</li></ul>","Somnara","Mattress Toppers","toppers, down-blend, full","TRUE","Size","Full","SN-0055","6356","shopify","25","deny","manual","210.00","235.00","TRUE","TRUE","https://raw.githubusercontent.com/arcmonay/somnara/main/public/products/somnara-vale-full-down-blend-topper-55.webp","Somnara Vale Full Down Blend Topper","active"
"somnara-nest-queen-wool-topper-56","Somnara Nest Queen Wool Topper","<p>A 2–3"" wool topper that retunes an existing Queen mattress without replacing the core.</p><ul><li>Material: Wool</li><li>Size: Queen</li><li>3"" comfort layer</li><li>Finish: Moss Tencel</li></ul>","Somnara","Mattress Toppers","toppers, wool, queen","TRUE","Size","Queen","SN-0056","6810","shopify","25","deny","manual","220.00","246.00","TRUE","TRUE","https://raw.githubusercontent.com/arcmonay/somnara/main/public/products/somnara-nest-queen-wool-topper-56.webp","Somnara Nest Queen Wool Topper","active"
"somnara-hollow-king-talalay-latex-topper-57","Somnara Hollow King Talalay Latex Topper","<p>A 2–3"" talalay latex topper that retunes an existing King mattress without replacing the core.</p><ul><li>Material: Talalay Latex</li><li>Size: King</li><li>2"" comfort layer</li><li>Finish: Sand Organic Cotton</li></ul>","Somnara","Mattress Toppers","toppers, talalay-latex, king","TRUE","Size","King","SN-0057","7264","shopify","25","deny","manual","240.00","269.00","TRUE","TRUE","https://raw.githubusercontent.com/arcmonay/somnara/main/public/products/somnara-hollow-king-talalay-latex-topper-57.webp","Somnara Hollow King Talalay Latex Topper","active"
"somnara-sable-cal-king-memory-foam-topper-58","Somnara Sable Cal King Memory Foam Topper","<p>A 2–3"" memory foam topper that retunes an existing Cal King mattress without replacing the core.</p><ul><li>Material: Memory Foam</li><li>Size: Cal King</li><li>3"" comfort layer</li><li>Finish: Oat Linen</li></ul>","Somnara","Mattress Toppers","toppers, memory-foam, cal-king","TRUE","Size","Cal King","SN-0058","7718","shopify","25","deny","manual","250.00","280.00","TRUE","TRUE","https://raw.githubusercontent.com/arcmonay/somnara/main/public/products/somnara-sable-cal-king-memory-foam-topper-58.webp","Somnara Sable Cal King Memory Foam Topper","active"
"somnara-drift-twin-down-blend-topper-59","Somnara Drift Twin Down Blend Topper","<p>A 2–3"" down blend topper that retunes an existing Twin mattress without replacing the core.</p><ul><li>Material: Down Blend</li><li>Size: Twin</li><li>2"" comfort layer</li><li>Finish: Cloud Percale</li></ul>","Somnara","Mattress Toppers","toppers, down-blend, twin","TRUE","Size","Twin","SN-0059","8172","shopify","25","deny","manual","270.00","302.00","TRUE","TRUE","https://raw.githubusercontent.com/arcmonay/somnara/main/public/products/somnara-drift-twin-down-blend-topper-59.webp","Somnara Drift Twin Down Blend Topper","active"
"somnara-quill-twin-xl-wool-topper-60","Somnara Quill Twin XL Wool Topper","<p>A 2–3"" wool topper that retunes an existing Twin XL mattress without replacing the core.</p><ul><li>Material: Wool</li><li>Size: Twin XL</li><li>3"" comfort layer</li><li>Finish: Graphite Knit</li></ul>","Somnara","Mattress Toppers","toppers, wool, twin-xl","TRUE","Size","Twin XL","SN-0060","8626","shopify","25","deny","manual","180.00","202.00","TRUE","TRUE","https://raw.githubusercontent.com/arcmonay/somnara/main/public/products/somnara-quill-twin-xl-wool-topper-60.webp","Somnara Quill Twin XL Wool Topper","active"
"somnara-marrow-full-talalay-latex-topper-61","Somnara Marrow Full Talalay Latex Topper","<p>A 2–3"" talalay latex topper that retunes an existing Full mattress without replacing the core.</p><ul><li>Material: Talalay Latex</li><li>Size: Full</li><li>2"" comfort layer</li><li>Finish: Ivory Sateen</li></ul>","Somnara","Mattress Toppers","toppers, talalay-latex, full","TRUE","Size","Full","SN-0061","9080","shopify","25","deny","manual","190.00","213.00","TRUE","TRUE","https://raw.githubusercontent.com/arcmonay/somnara/main/public/products/somnara-marrow-full-talalay-latex-topper-61.webp","Somnara Marrow Full Talalay Latex Topper","active"
"somnara-still-queen-memory-foam-topper-62","Somnara Still Queen Memory Foam Topper","<p>A 2–3"" memory foam topper that retunes an existing Queen mattress without replacing the core.</p><ul><li>Material: Memory Foam</li><li>Size: Queen</li><li>3"" comfort layer</li><li>Finish: Moss Tencel</li></ul>","Somnara","Mattress Toppers","toppers, memory-foam, queen","TRUE","Size","Queen","SN-0062","9534","shopify","25","deny","manual","210.00","235.00","TRUE","TRUE","https://raw.githubusercontent.com/arcmonay/somnara/main/public/products/somnara-still-queen-memory-foam-topper-62.webp","Somnara Still Queen Memory Foam Topper","active"
"somnara-ivory-king-down-blend-topper-63","Somnara Ivory King Down Blend Topper","<p>A 2–3"" down blend topper that retunes an existing King mattress without replacing the core.</p><ul><li>Material: Down Blend</li><li>Size: King</li><li>2"" comfort layer</li><li>Finish: Sand Organic Cotton</li></ul>","Somnara","Mattress Toppers","toppers, down-blend, king","TRUE","Size","King","SN-0063","5448","shopify","25","deny","manual","220.00","246.00","TRUE","TRUE","https://raw.githubusercontent.com/arcmonay/somnara/main/public/products/somnara-ivory-king-down-blend-topper-63.webp","Somnara Ivory King Down Blend Topper","active"
"somnara-noll-cal-king-wool-topper-64","Somnara Noll Cal King Wool Topper","<p>A 2–3"" wool topper that retunes an existing Cal King mattress without replacing the core.</p><ul><li>Material: Wool</li><li>Size: Cal King</li><li>3"" comfort layer</li><li>Finish: Oat Linen</li></ul>","Somnara","Mattress Toppers","toppers, wool, cal-king","TRUE","Size","Cal King","SN-0064","5902","shopify","25","deny","manual","240.00","269.00","TRUE","TRUE","https://raw.githubusercontent.com/arcmonay/somnara/main/public/products/somnara-noll-cal-king-wool-topper-64.webp","Somnara Noll Cal King Wool Topper","active"
"somnara-nest-twin-percale-sheet-set-65","Somnara Nest Twin Percale Sheet Set","<p>Percale sheeting with a 17"" deep pocket, cut for Twin mattresses. Includes fitted, flat, and two pillowcases.</p><ul><li>Material: Percale</li><li>Size: Twin</li><li>17"" deep pocket</li><li>Finish: Oat Linen</li></ul>","Somnara","Sheets & Bedding","sheets, percale, twin","TRUE","Size","Twin","SN-0065","2270","shopify","25","deny","manual","130.00","146.00","TRUE","TRUE","https://raw.githubusercontent.com/arcmonay/somnara/main/public/products/somnara-nest-twin-percale-sheet-set-65.webp","Somnara Nest Twin Percale Sheet Set","active"
"somnara-hollow-twin-xl-sateen-sheet-set-66","Somnara Hollow Twin XL Sateen Sheet Set","<p>Sateen sheeting with a 17"" deep pocket, cut for Twin XL mattresses. Includes fitted, flat, and two pillowcases.</p><ul><li>Material: Sateen</li><li>Size: Twin XL</li><li>17"" deep pocket</li><li>Finish: Cloud Percale</li></ul>","Somnara","Sheets & Bedding","sheets, sateen, twin-xl","TRUE","Size","Twin XL","SN-0066","2724","shopify","25","deny","manual","140.00","157.00","TRUE","TRUE","https://raw.githubusercontent.com/arcmonay/somnara/main/public/products/somnara-hollow-twin-xl-sateen-sheet-set-66.webp","Somnara Hollow Twin XL Sateen Sheet Set","active"
"somnara-sable-full-linen-sheet-set-67","Somnara Sable Full Linen Sheet Set","<p>Linen sheeting with a 17"" deep pocket, cut for Full mattresses. Includes fitted, flat, and two pillowcases.</p><ul><li>Material: Linen</li><li>Size: Full</li><li>17"" deep pocket</li><li>Finish: Graphite Knit</li></ul>","Somnara","Sheets & Bedding","sheets, linen, full","TRUE","Size","Full","SN-0067","3178","shopify","25","deny","manual","150.00","168.00","TRUE","TRUE","https://raw.githubusercontent.com/arcmonay/somnara/main/public/products/somnara-sable-full-linen-sheet-set-67.webp","Somnara Sable Full Linen Sheet Set","active"
"somnara-drift-queen-jersey-sheet-set-68","Somnara Drift Queen Jersey Sheet Set","<p>Jersey sheeting with a 17"" deep pocket, cut for Queen mattresses. Includes fitted, flat, and two pillowcases.</p><ul><li>Material: Jersey</li><li>Size: Queen</li><li>17"" deep pocket</li><li>Finish: Ivory Sateen</li></ul>","Somnara","Sheets & Bedding","sheets, jersey, queen","TRUE","Size","Queen","SN-0068","3632","shopify","0","deny","manual","160.00","179.00","TRUE","TRUE","https://raw.githubusercontent.com/arcmonay/somnara/main/public/products/somnara-drift-queen-jersey-sheet-set-68.webp","Somnara Drift Queen Jersey Sheet Set","active"
"somnara-quill-king-tencel-sheet-set-69","Somnara Quill King Tencel Sheet Set","<p>Tencel sheeting with a 17"" deep pocket, cut for King mattresses. Includes fitted, flat, and two pillowcases.</p><ul><li>Material: Tencel</li><li>Size: King</li><li>17"" deep pocket</li><li>Finish: Moss Tencel</li></ul>","Somnara","Sheets & Bedding","sheets, tencel, king","TRUE","Size","King","SN-0069","2270","shopify","25","deny","manual","170.00","190.00","TRUE","TRUE","https://raw.githubusercontent.com/arcmonay/somnara/main/public/products/somnara-quill-king-tencel-sheet-set-69.webp","Somnara Quill King Tencel Sheet Set","active"
"somnara-marrow-cal-king-percale-sheet-set-70","Somnara Marrow Cal King Percale Sheet Set","<p>Percale sheeting with a 17"" deep pocket, cut for Cal King mattresses. Includes fitted, flat, and two pillowcases.</p><ul><li>Material: Percale</li><li>Size: Cal King</li><li>17"" deep pocket</li><li>Finish: Sand Organic Cotton</li></ul>","Somnara","Sheets & Bedding","sheets, percale, cal-king","TRUE","Size","Cal King","SN-0070","2724","shopify","25","deny","manual","180.00","202.00","TRUE","TRUE","https://raw.githubusercontent.com/arcmonay/somnara/main/public/products/somnara-marrow-cal-king-percale-sheet-set-70.webp","Somnara Marrow Cal King Percale Sheet Set","active"
"somnara-still-twin-sateen-sheet-set-71","Somnara Still Twin Sateen Sheet Set","<p>Sateen sheeting with a 17"" deep pocket, cut for Twin mattresses. Includes fitted, flat, and two pillowcases.</p><ul><li>Material: Sateen</li><li>Size: Twin</li><li>17"" deep pocket</li><li>Finish: Oat Linen</li></ul>","Somnara","Sheets & Bedding","sheets, sateen, twin","TRUE","Size","Twin","SN-0071","3178","shopify","25","deny","manual","190.00","213.00","TRUE","TRUE","https://raw.githubusercontent.com/arcmonay/somnara/main/public/products/somnara-still-twin-sateen-sheet-set-71.webp","Somnara Still Twin Sateen Sheet Set","active"
"somnara-ivory-twin-xl-linen-sheet-set-72","Somnara Ivory Twin XL Linen Sheet Set","<p>Linen sheeting with a 17"" deep pocket, cut for Twin XL mattresses. Includes fitted, flat, and two pillowcases.</p><ul><li>Material: Linen</li><li>Size: Twin XL</li><li>17"" deep pocket</li><li>Finish: Cloud Percale</li></ul>","Somnara","Sheets & Bedding","sheets, linen, twin-xl","TRUE","Size","Twin XL","SN-0072","3632","shopify","25","deny","manual","130.00","146.00","TRUE","TRUE","https://raw.githubusercontent.com/arcmonay/somnara/main/public/products/somnara-ivory-twin-xl-linen-sheet-set-72.webp","Somnara Ivory Twin XL Linen Sheet Set","active"
"somnara-noll-full-jersey-sheet-set-73","Somnara Noll Full Jersey Sheet Set","<p>Jersey sheeting with a 17"" deep pocket, cut for Full mattresses. Includes fitted, flat, and two pillowcases.</p><ul><li>Material: Jersey</li><li>Size: Full</li><li>17"" deep pocket</li><li>Finish: Graphite Knit</li></ul>","Somnara","Sheets & Bedding","sheets, jersey, full","TRUE","Size","Full","SN-0073","2270","shopify","25","deny","manual","140.00","157.00","TRUE","TRUE","https://raw.githubusercontent.com/arcmonay/somnara/main/public/products/somnara-noll-full-jersey-sheet-set-73.webp","Somnara Noll Full Jersey Sheet Set","active"
"somnara-pall-queen-tencel-sheet-set-74","Somnara Pall Queen Tencel Sheet Set","<p>Tencel sheeting with a 17"" deep pocket, cut for Queen mattresses. Includes fitted, flat, and two pillowcases.</p><ul><li>Material: Tencel</li><li>Size: Queen</li><li>17"" deep pocket</li><li>Finish: Ivory Sateen</li></ul>","Somnara","Sheets & Bedding","sheets, tencel, queen","TRUE","Size","Queen","SN-0074","2724","shopify","25","deny","manual","150.00","168.00","TRUE","TRUE","https://raw.githubusercontent.com/arcmonay/somnara/main/public/products/somnara-pall-queen-tencel-sheet-set-74.webp","Somnara Pall Queen Tencel Sheet Set","active"
"somnara-hearth-king-percale-sheet-set-75","Somnara Hearth King Percale Sheet Set","<p>Percale sheeting with a 17"" deep pocket, cut for King mattresses. Includes fitted, flat, and two pillowcases.</p><ul><li>Material: Percale</li><li>Size: King</li><li>17"" deep pocket</li><li>Finish: Moss Tencel</li></ul>","Somnara","Sheets & Bedding","sheets, percale, king","TRUE","Size","King","SN-0075","3178","shopify","25","deny","manual","160.00","179.00","TRUE","TRUE","https://raw.githubusercontent.com/arcmonay/somnara/main/public/products/somnara-hearth-king-percale-sheet-set-75.webp","Somnara Hearth King Percale Sheet Set","active"
"somnara-cloud-cal-king-sateen-sheet-set-76","Somnara Cloud Cal King Sateen Sheet Set","<p>Sateen sheeting with a 17"" deep pocket, cut for Cal King mattresses. Includes fitted, flat, and two pillowcases.</p><ul><li>Material: Sateen</li><li>Size: Cal King</li><li>17"" deep pocket</li><li>Finish: Sand Organic Cotton</li></ul>","Somnara","Sheets & Bedding","sheets, sateen, cal-king","TRUE","Size","Cal King","SN-0076","3632","shopify","25","deny","manual","170.00","190.00","TRUE","TRUE","https://raw.githubusercontent.com/arcmonay/somnara/main/public/products/somnara-cloud-cal-king-sateen-sheet-set-76.webp","Somnara Cloud Cal King Sateen Sheet Set","active"
"somnara-dusk-twin-linen-sheet-set-77","Somnara Dusk Twin Linen Sheet Set","<p>Linen sheeting with a 17"" deep pocket, cut for Twin mattresses. Includes fitted, flat, and two pillowcases.</p><ul><li>Material: Linen</li><li>Size: Twin</li><li>17"" deep pocket</li><li>Finish: Oat Linen</li></ul>","Somnara","Sheets & Bedding","sheets, linen, twin","TRUE","Size","Twin","SN-0077","2270","shopify","25","deny","manual","180.00","202.00","TRUE","TRUE","https://raw.githubusercontent.com/arcmonay/somnara/main/public/products/somnara-dusk-twin-linen-sheet-set-77.webp","Somnara Dusk Twin Linen Sheet Set","active"
"somnara-harbor-twin-xl-jersey-sheet-set-78","Somnara Harbor Twin XL Jersey Sheet Set","<p>Jersey sheeting with a 17"" deep pocket, cut for Twin XL mattresses. Includes fitted, flat, and two pillowcases.</p><ul><li>Material: Jersey</li><li>Size: Twin XL</li><li>17"" deep pocket</li><li>Finish: Cloud Percale</li></ul>","Somnara","Sheets & Bedding","sheets, jersey, twin-xl","TRUE","Size","Twin XL","SN-0078","2724","shopify","25","deny","manual","190.00","213.00","TRUE","TRUE","https://raw.githubusercontent.com/arcmonay/somnara/main/public/products/somnara-harbor-twin-xl-jersey-sheet-set-78.webp","Somnara Harbor Twin XL Jersey Sheet Set","active"
"somnara-sable-twin-mattress-protector-79","Somnara Sable Twin Mattress Protector","<p>A breathable, waterproof mattress protector for Twin sleep systems. Quiet knit that stays put under sheets.</p><ul><li>Material: TPU-backed knit</li><li>Size: Twin</li><li>Waterproof · breathable</li><li>Finish: Quiet white knit</li></ul>","Somnara","Protectors","protectors, mattress-protector, twin","TRUE","Size","Twin","SN-0079","1362","shopify","25","deny","manual","80.00","90.00","TRUE","TRUE","https://raw.githubusercontent.com/arcmonay/somnara/main/public/products/somnara-sable-twin-mattress-protector-79.webp","Somnara Sable Twin Mattress Protector","active"
"somnara-drift-twin-xl-pillow-encasement-80","Somnara Drift Twin XL Pillow Encasement","<p>A breathable, waterproof pillow encasement for Twin XL sleep systems. Quiet knit that stays put under sheets.</p><ul><li>Material: TPU-backed knit</li><li>Size: Twin XL</li><li>Waterproof · breathable</li><li>Finish: Quiet white knit</li></ul>","Somnara","Protectors","protectors, pillow-encasement, twin-xl","TRUE","Size","Twin XL","SN-0080","454","shopify","25","deny","manual","40.00","45.00","TRUE","TRUE","https://raw.githubusercontent.com/arcmonay/somnara/main/public/products/somnara-drift-twin-xl-pillow-encasement-80.webp","Somnara Drift Twin XL Pillow Encasement","active"
"somnara-quill-full-mattress-protector-81","Somnara Quill Full Mattress Protector","<p>A breathable, waterproof mattress protector for Full sleep systems. Quiet knit that stays put under sheets.</p><ul><li>Material: TPU-backed knit</li><li>Size: Full</li><li>Waterproof · breathable</li><li>Finish: Quiet white knit</li></ul>","Somnara","Protectors","protectors, mattress-protector, full","TRUE","Size","Full","SN-0081","1362","shopify","25","deny","manual","90.00","101.00","TRUE","TRUE","https://raw.githubusercontent.com/arcmonay/somnara/main/public/products/somnara-quill-full-mattress-protector-81.webp","Somnara Quill Full Mattress Protector","active"
"somnara-marrow-queen-pillow-encasement-82","Somnara Marrow Queen Pillow Encasement","<p>A breathable, waterproof pillow encasement for Queen sleep systems. Quiet knit that stays put under sheets.</p><ul><li>Material: TPU-backed knit</li><li>Size: Queen</li><li>Waterproof · breathable</li><li>Finish: Quiet white knit</li></ul>","Somnara","Protectors","protectors, pillow-encasement, queen","TRUE","Size","Queen","SN-0082","454","shopify","25","deny","manual","50.00","56.00","TRUE","TRUE","https://raw.githubusercontent.com/arcmonay/somnara/main/public/products/somnara-marrow-queen-pillow-encasement-82.webp","Somnara Marrow Queen Pillow Encasement","active"
"somnara-still-king-mattress-protector-83","Somnara Still King Mattress Protector","<p>A breathable, waterproof mattress protector for King sleep systems. Quiet knit that stays put under sheets.</p><ul><li>Material: TPU-backed knit</li><li>Size: King</li><li>Waterproof · breathable</li><li>Finish: Quiet white knit</li></ul>","Somnara","Protectors","protectors, mattress-protector, king","TRUE","Size","King","SN-0083","1362","shopify","25","deny","manual","100.00","112.00","TRUE","TRUE","https://raw.githubusercontent.com/arcmonay/somnara/main/public/products/somnara-still-king-mattress-protector-83.webp","Somnara Still King Mattress Protector","active"
"somnara-ivory-cal-king-pillow-encasement-84","Somnara Ivory Cal King Pillow Encasement","<p>A breathable, waterproof pillow encasement for Cal King sleep systems. Quiet knit that stays put under sheets.</p><ul><li>Material: TPU-backed knit</li><li>Size: Cal King</li><li>Waterproof · breathable</li><li>Finish: Quiet white knit</li></ul>","Somnara","Protectors","protectors, pillow-encasement, cal-king","TRUE","Size","Cal King","SN-0084","454","shopify","25","deny","manual","50.00","56.00","TRUE","TRUE","https://raw.githubusercontent.com/arcmonay/somnara/main/public/products/somnara-ivory-cal-king-pillow-encasement-84.webp","Somnara Ivory Cal King Pillow Encasement","active"
"somnara-noll-twin-mattress-protector-85","Somnara Noll Twin Mattress Protector","<p>A breathable, waterproof mattress protector for Twin sleep systems. Quiet knit that stays put under sheets.</p><ul><li>Material: TPU-backed knit</li><li>Size: Twin</li><li>Waterproof · breathable</li><li>Finish: Quiet white knit</li></ul>","Somnara","Protectors","protectors, mattress-protector, twin","TRUE","Size","Twin","SN-0085","1362","shopify","0","deny","manual","120.00","134.00","TRUE","TRUE","https://raw.githubusercontent.com/arcmonay/somnara/main/public/products/somnara-noll-twin-mattress-protector-85.webp","Somnara Noll Twin Mattress Protector","active"
"somnara-pall-twin-xl-pillow-encasement-86","Somnara Pall Twin XL Pillow Encasement","<p>A breathable, waterproof pillow encasement for Twin XL sleep systems. Quiet knit that stays put under sheets.</p><ul><li>Material: TPU-backed knit</li><li>Size: Twin XL</li><li>Waterproof · breathable</li><li>Finish: Quiet white knit</li></ul>","Somnara","Protectors","protectors, pillow-encasement, twin-xl","TRUE","Size","Twin XL","SN-0086","454","shopify","25","deny","manual","40.00","45.00","TRUE","TRUE","https://raw.githubusercontent.com/arcmonay/somnara/main/public/products/somnara-pall-twin-xl-pillow-encasement-86.webp","Somnara Pall Twin XL Pillow Encasement","active"
"somnara-hearth-full-mattress-protector-87","Somnara Hearth Full Mattress Protector","<p>A breathable, waterproof mattress protector for Full sleep systems. Quiet knit that stays put under sheets.</p><ul><li>Material: TPU-backed knit</li><li>Size: Full</li><li>Waterproof · breathable</li><li>Finish: Quiet white knit</li></ul>","Somnara","Protectors","protectors, mattress-protector, full","TRUE","Size","Full","SN-0087","1362","shopify","25","deny","manual","90.00","101.00","TRUE","TRUE","https://raw.githubusercontent.com/arcmonay/somnara/main/public/products/somnara-hearth-full-mattress-protector-87.webp","Somnara Hearth Full Mattress Protector","active"
"somnara-cloud-queen-pillow-encasement-88","Somnara Cloud Queen Pillow Encasement","<p>A breathable, waterproof pillow encasement for Queen sleep systems. Quiet knit that stays put under sheets.</p><ul><li>Material: TPU-backed knit</li><li>Size: Queen</li><li>Waterproof · breathable</li><li>Finish: Quiet white knit</li></ul>","Somnara","Protectors","protectors, pillow-encasement, queen","TRUE","Size","Queen","SN-0088","454","shopify","25","deny","manual","50.00","56.00","TRUE","TRUE","https://raw.githubusercontent.com/arcmonay/somnara/main/public/products/somnara-cloud-queen-pillow-encasement-88.webp","Somnara Cloud Queen Pillow Encasement","active"
"somnara-quill-full-adjustable-base-89","Somnara Quill Full Adjustable Base","<p>A dual-motor Full power base with head, foot, zero-gravity, and under-bed lighting. Wireless remote included.</p><ul><li>Material: Steel frame</li><li>Size: Full</li><li>Zero-gravity preset</li><li>Finish: Charcoal upholstery</li></ul>","Somnara","Adjustable Bases","bases, adjustable, full","TRUE","Size","Full","SN-0089","49940","shopify","25","deny","manual","890.00","997.00","TRUE","TRUE","https://raw.githubusercontent.com/arcmonay/somnara/main/public/products/somnara-quill-full-adjustable-base-89.webp","Somnara Quill Full Adjustable Base","active"
"somnara-marrow-queen-adjustable-base-90","Somnara Marrow Queen Adjustable Base","<p>A dual-motor Queen power base with head, foot, zero-gravity, and under-bed lighting. Wireless remote included.</p><ul><li>Material: Steel frame</li><li>Size: Queen</li><li>Zero-gravity preset</li><li>Finish: Charcoal upholstery</li></ul>","Somnara","Adjustable Bases","bases, adjustable, queen","TRUE","Size","Queen","SN-0090","50394","shopify","25","deny","manual","960.00","1075.00","TRUE","TRUE","https://raw.githubusercontent.com/arcmonay/somnara/main/public/products/somnara-marrow-queen-adjustable-base-90.webp","Somnara Marrow Queen Adjustable Base","active"
"somnara-still-king-adjustable-base-91","Somnara Still King Adjustable Base","<p>A dual-motor King power base with head, foot, zero-gravity, and under-bed lighting. Wireless remote included.</p><ul><li>Material: Steel frame</li><li>Size: King</li><li>Zero-gravity preset</li><li>Finish: Charcoal upholstery</li></ul>","Somnara","Adjustable Bases","bases, adjustable, king","TRUE","Size","King","SN-0091","50848","shopify","25","deny","manual","1030.00","1154.00","TRUE","TRUE","https://raw.githubusercontent.com/arcmonay/somnara/main/public/products/somnara-still-king-adjustable-base-91.webp","Somnara Still King Adjustable Base","active"
"somnara-ivory-cal-king-adjustable-base-92","Somnara Ivory Cal King Adjustable Base","<p>A dual-motor Cal King power base with head, foot, zero-gravity, and under-bed lighting. Wireless remote included.</p><ul><li>Material: Steel frame</li><li>Size: Cal King</li><li>Zero-gravity preset</li><li>Finish: Charcoal upholstery</li></ul>","Somnara","Adjustable Bases","bases, adjustable, cal-king","TRUE","Size","Cal King","SN-0092","51302","shopify","25","deny","manual","1100.00","1232.00","TRUE","TRUE","https://raw.githubusercontent.com/arcmonay/somnara/main/public/products/somnara-ivory-cal-king-adjustable-base-92.webp","Somnara Ivory Cal King Adjustable Base","active"
"somnara-noll-twin-adjustable-base-93","Somnara Noll Twin Adjustable Base","<p>A dual-motor Twin power base with head, foot, zero-gravity, and under-bed lighting. Wireless remote included.</p><ul><li>Material: Steel frame</li><li>Size: Twin</li><li>Zero-gravity preset</li><li>Finish: Charcoal upholstery</li></ul>","Somnara","Adjustable Bases","bases, adjustable, twin","TRUE","Size","Twin","SN-0093","51756","shopify","25","deny","manual","1170.00","1310.00","TRUE","TRUE","https://raw.githubusercontent.com/arcmonay/somnara/main/public/products/somnara-noll-twin-adjustable-base-93.webp","Somnara Noll Twin Adjustable Base","active"
"somnara-pall-twin-xl-adjustable-base-94","Somnara Pall Twin XL Adjustable Base","<p>A dual-motor Twin XL power base with head, foot, zero-gravity, and under-bed lighting. Wireless remote included.</p><ul><li>Material: Steel frame</li><li>Size: Twin XL</li><li>Zero-gravity preset</li><li>Finish: Charcoal upholstery</li></ul>","Somnara","Adjustable Bases","bases, adjustable, twin-xl","TRUE","Size","Twin XL","SN-0094","52210","shopify","25","deny","manual","1250.00","1400.00","TRUE","TRUE","https://raw.githubusercontent.com/arcmonay/somnara/main/public/products/somnara-pall-twin-xl-adjustable-base-94.webp","Somnara Pall Twin XL Adjustable Base","active"
"somnara-hearth-full-adjustable-base-95","Somnara Hearth Full Adjustable Base","<p>A dual-motor Full power base with head, foot, zero-gravity, and under-bed lighting. Wireless remote included.</p><ul><li>Material: Steel frame</li><li>Size: Full</li><li>Zero-gravity preset</li><li>Finish: Charcoal upholstery</li></ul>","Somnara","Adjustable Bases","bases, adjustable, full","TRUE","Size","Full","SN-0095","52664","shopify","25","deny","manual","1320.00","1478.00","TRUE","TRUE","https://raw.githubusercontent.com/arcmonay/somnara/main/public/products/somnara-hearth-full-adjustable-base-95.webp","Somnara Hearth Full Adjustable Base","active"
"somnara-cloud-queen-adjustable-base-96","Somnara Cloud Queen Adjustable Base","<p>A dual-motor Queen power base with head, foot, zero-gravity, and under-bed lighting. Wireless remote included.</p><ul><li>Material: Steel frame</li><li>Size: Queen</li><li>Zero-gravity preset</li><li>Finish: Charcoal upholstery</li></ul>","Somnara","Adjustable Bases","bases, adjustable, queen","TRUE","Size","Queen","SN-0096","53118","shopify","25","deny","manual","890.00","997.00","TRUE","TRUE","https://raw.githubusercontent.com/arcmonay/somnara/main/public/products/somnara-cloud-queen-adjustable-base-96.webp","Somnara Cloud Queen Adjustable Base","active"
"somnara-loom-twin-bedroom-bundle-97","Somnara Loom Twin Bedroom Bundle","<p>Mattress, two pillows, sheet set, and protector sized for Twin. Packed as one shipment for a finished room.</p><ul><li>Material: Hybrid + percale</li><li>Size: Twin</li><li>4-piece room kit</li><li>Finish: Oat Linen</li></ul>","Somnara","Bedroom Bundles","bundles, twin, kit","TRUE","Size","Twin","SN-0097","31780","shopify","25","deny","manual","1190.00","1333.00","TRUE","TRUE","https://raw.githubusercontent.com/arcmonay/somnara/main/public/products/somnara-loom-twin-bedroom-bundle-97.webp","Somnara Loom Twin Bedroom Bundle","active"
"somnara-vale-twin-xl-bedroom-bundle-98","Somnara Vale Twin XL Bedroom Bundle","<p>Mattress, two pillows, sheet set, and protector sized for Twin XL. Packed as one shipment for a finished room.</p><ul><li>Material: Hybrid + percale</li><li>Size: Twin XL</li><li>4-piece room kit</li><li>Finish: Cloud Percale</li></ul>","Somnara","Bedroom Bundles","bundles, twin-xl, kit","TRUE","Size","Twin XL","SN-0098","32234","shopify","25","deny","manual","1290.00","1445.00","TRUE","TRUE","https://raw.githubusercontent.com/arcmonay/somnara/main/public/products/somnara-vale-twin-xl-bedroom-bundle-98.webp","Somnara Vale Twin XL Bedroom Bundle","active"
"somnara-nest-full-bedroom-bundle-99","Somnara Nest Full Bedroom Bundle","<p>Mattress, two pillows, sheet set, and protector sized for Full. Packed as one shipment for a finished room.</p><ul><li>Material: Hybrid + percale</li><li>Size: Full</li><li>4-piece room kit</li><li>Finish: Graphite Knit</li></ul>","Somnara","Bedroom Bundles","bundles, full, kit","TRUE","Size","Full","SN-0099","32688","shopify","25","deny","manual","1380.00","1546.00","TRUE","TRUE","https://raw.githubusercontent.com/arcmonay/somnara/main/public/products/somnara-nest-full-bedroom-bundle-99.webp","Somnara Nest Full Bedroom Bundle","active"
"somnara-hollow-queen-bedroom-bundle-100","Somnara Hollow Queen Bedroom Bundle","<p>Mattress, two pillows, sheet set, and protector sized for Queen. Packed as one shipment for a finished room.</p><ul><li>Material: Hybrid + percale</li><li>Size: Queen</li><li>4-piece room kit</li><li>Finish: Ivory Sateen</li></ul>","Somnara","Bedroom Bundles","bundles, queen, kit","TRUE","Size","Queen","SN-0100","33142","shopify","25","deny","manual","1480.00","1658.00","TRUE","TRUE","https://raw.githubusercontent.com/arcmonay/somnara/main/public/products/somnara-hollow-queen-bedroom-bundle-100.webp","Somnara Hollow Queen Bedroom Bundle","active"
"somnara-sable-king-bedroom-bundle-101","Somnara Sable King Bedroom Bundle","<p>Mattress, two pillows, sheet set, and protector sized for King. Packed as one shipment for a finished room.</p><ul><li>Material: Hybrid + percale</li><li>Size: King</li><li>4-piece room kit</li><li>Finish: Moss Tencel</li></ul>","Somnara","Bedroom Bundles","bundles, king, kit","TRUE","Size","King","SN-0101","33596","shopify","25","deny","manual","2100.00","2352.00","TRUE","TRUE","https://raw.githubusercontent.com/arcmonay/somnara/main/public/products/somnara-sable-king-bedroom-bundle-101.webp","Somnara Sable King Bedroom Bundle","active"
"somnara-drift-cal-king-bedroom-bundle-102","Somnara Drift Cal King Bedroom Bundle","<p>Mattress, two pillows, sheet set, and protector sized for Cal King. Packed as one shipment for a finished room.</p><ul><li>Material: Hybrid + percale</li><li>Size: Cal King</li><li>4-piece room kit</li><li>Finish: Sand Organic Cotton</li></ul>","Somnara","Bedroom Bundles","bundles, cal-king, kit","TRUE","Size","Cal King","SN-0102","34050","shopify","0","deny","manual","2230.00","2498.00","TRUE","TRUE","https://raw.githubusercontent.com/arcmonay/somnara/main/public/products/somnara-drift-cal-king-bedroom-bundle-102.webp","Somnara Drift Cal King Bedroom Bundle","active"
"somnara-quill-twin-bedroom-bundle-103","Somnara Quill Twin Bedroom Bundle","<p>Mattress, two pillows, sheet set, and protector sized for Twin. Packed as one shipment for a finished room.</p><ul><li>Material: Hybrid + percale</li><li>Size: Twin</li><li>4-piece room kit</li><li>Finish: Oat Linen</li></ul>","Somnara","Bedroom Bundles","bundles, twin, kit","TRUE","Size","Twin","SN-0103","34504","shopify","25","deny","manual","1760.00","1971.00","TRUE","TRUE","https://raw.githubusercontent.com/arcmonay/somnara/main/public/products/somnara-quill-twin-bedroom-bundle-103.webp","Somnara Quill Twin Bedroom Bundle","active"
"somnara-marrow-twin-xl-bedroom-bundle-104","Somnara Marrow Twin XL Bedroom Bundle","<p>Mattress, two pillows, sheet set, and protector sized for Twin XL. Packed as one shipment for a finished room.</p><ul><li>Material: Hybrid + percale</li><li>Size: Twin XL</li><li>4-piece room kit</li><li>Finish: Cloud Percale</li></ul>","Somnara","Bedroom Bundles","bundles, twin-xl, kit","TRUE","Size","Twin XL","SN-0104","34958","shopify","25","deny","manual","1190.00","1333.00","TRUE","TRUE","https://raw.githubusercontent.com/arcmonay/somnara/main/public/products/somnara-marrow-twin-xl-bedroom-bundle-104.webp","Somnara Marrow Twin XL Bedroom Bundle","active"
"somnara-still-full-bedroom-bundle-105","Somnara Still Full Bedroom Bundle","<p>Mattress, two pillows, sheet set, and protector sized for Full. Packed as one shipment for a finished room.</p><ul><li>Material: Hybrid + percale</li><li>Size: Full</li><li>4-piece room kit</li><li>Finish: Graphite Knit</li></ul>","Somnara","Bedroom Bundles","bundles, full, kit","TRUE","Size","Full","SN-0105","35412","shopify","25","deny","manual","1290.00","1445.00","TRUE","TRUE","https://raw.githubusercontent.com/arcmonay/somnara/main/public/products/somnara-still-full-bedroom-bundle-105.webp","Somnara Still Full Bedroom Bundle","active"
"somnara-ivory-queen-bedroom-bundle-106","Somnara Ivory Queen Bedroom Bundle","<p>Mattress, two pillows, sheet set, and protector sized for Queen. Packed as one shipment for a finished room.</p><ul><li>Material: Hybrid + percale</li><li>Size: Queen</li><li>4-piece room kit</li><li>Finish: Ivory Sateen</li></ul>","Somnara","Bedroom Bundles","bundles, queen, kit","TRUE","Size","Queen","SN-0106","35866","shopify","25","deny","manual","1380.00","1546.00","TRUE","TRUE","https://raw.githubusercontent.com/arcmonay/somnara/main/public/products/somnara-ivory-queen-bedroom-bundle-106.webp","Somnara Ivory Queen Bedroom Bundle","active"
"somnara-noll-king-bedroom-bundle-107","Somnara Noll King Bedroom Bundle","<p>Mattress, two pillows, sheet set, and protector sized for King. Packed as one shipment for a finished room.</p><ul><li>Material: Hybrid + percale</li><li>Size: King</li><li>4-piece room kit</li><li>Finish: Moss Tencel</li></ul>","Somnara","Bedroom Bundles","bundles, king, kit","TRUE","Size","King","SN-0107","36320","shopify","25","deny","manual","1970.00","2206.00","TRUE","TRUE","https://raw.githubusercontent.com/arcmonay/somnara/main/public/products/somnara-noll-king-bedroom-bundle-107.webp","Somnara Noll King Bedroom Bundle","active"
"somnara-pall-cal-king-bedroom-bundle-108","Somnara Pall Cal King Bedroom Bundle","<p>Mattress, two pillows, sheet set, and protector sized for Cal King. Packed as one shipment for a finished room.</p><ul><li>Material: Hybrid + percale</li><li>Size: Cal King</li><li>4-piece room kit</li><li>Finish: Sand Organic Cotton</li></ul>","Somnara","Bedroom Bundles","bundles, cal-king, kit","TRUE","Size","Cal King","SN-0108","36774","shopify","25","deny","manual","2100.00","2352.00","TRUE","TRUE","https://raw.githubusercontent.com/arcmonay/somnara/main/public/products/somnara-pall-cal-king-bedroom-bundle-108.webp","Somnara Pall Cal King Bedroom Bundle","active"